url,lastmod
https://www.carrefour.es/supermercado/limpieza-y-hogar/utensilios-de-limpieza/fregonas/cat20329/c,2024-08-05
https://www.carrefour.es/supermercado/parafarmacia/botiquin/mascarillas/cat10650814/c,2024-08-05
https://www.carrefour.es/supermercado/la-despensa/alimentacion/harinas-y-levaduras/cat20070/c,2024-08-05
https://www.carrefour.es/supermercado/perfumeria-e-higiene/bano-e-higiene-corporal/sales-de-bano/cat20211/c,2024-08-05
https://www.carrefour.es/supermercado/productos-frescos/frutas/sandias-y-melones/cat370013/c,2024-08-05
https://www.carrefour.es/supermercado/bebe/perfumeria-e-higiene/jabon-liquido/cat20343/c,2024-08-05
https://www.carrefour.es/supermercado/la-despensa/conservas-sopas-y-precocinados/conservas-de-carne/cat20109/c,2024-08-05
https://www.carrefour.es/supermercado/la-despensa/yogures-y-postres/bifidus/cat360002/c,2024-08-05
https://www.carrefour.es/supermercado/limpieza-y-hogar/papeleria/accesorios-manualidades/cat260002/c,2024-08-05
https://www.carrefour.es/supermercado/bebidas/aguas-y-zumos/agua-con-gas/cat650006/c,2024-08-05
https://www.carrefour.es/supermercado/parafarmacia/nutricion-y-dietetica/control-de-peso/cat20427/c,2024-08-05
https://www.carrefour.es/supermercado/limpieza-y-hogar/bazar/bombillas-y-tubos/cat20256/c,2024-08-05
https://www.carrefour.es/supermercado/productos-frescos/pescaderia/ahumados-y-huevas/cat20121/c,2024-08-05
https://www.carrefour.es/supermercado/mascotas/conejos-y-roedores/accesorios-e-higiene/cat20367/c,2024-08-05
https://www.carrefour.es/supermercado/limpieza-y-hogar/papeleria/colorear/cat260006/c,2024-08-05
https://www.carrefour.es/supermercado/la-despensa/panaderia-bolleria-y-pasteleria/bolleria/cat21319210/c,2024-08-05
https://www.carrefour.es/supermercado/limpieza-y-hogar/papeleria/cat260001/c,2024-08-05
https://www.carrefour.es/supermercado/bebidas/cat20003/c,2024-08-05
https://www.carrefour.es/supermercado/perfumeria-e-higiene/bienestar-sexual/preservativos/cat20214/c,2024-08-05
https://www.carrefour.es/supermercado/bebidas/sidra/todas-las-sidras/cat20197/c,2024-08-05
https://www.carrefour.es/supermercado/productos-frescos/frutas/pinas-kiwis-aguacates-y-tropicales/cat220012/c,2024-08-05
https://www.carrefour.es/supermercado/limpieza-y-hogar/productos-para-bano/limpiadores-bano/cat20293/c,2024-08-05
https://www.carrefour.es/supermercado/parafarmacia/cuidado-e-higiene-facial/cremas-faciales/cat20406/c,2024-08-05
https://www.carrefour.es/supermercado/la-despensa/yogures-y-postres/yogures-infantiles/cat360007/c,2024-08-05
https://www.carrefour.es/supermercado/productos-frescos/carniceria/embutidos-frescos/cat20152/c,2024-08-05
https://www.carrefour.es/supermercado/limpieza-y-hogar/cuidado-de-la-ropa/limpiadores-y-antical-para-lavadora/cat20304/c,2024-08-05
https://www.carrefour.es/supermercado/productos-frescos/carniceria/aves-y-pollo/cat190012/c,2024-08-05
https://www.carrefour.es/supermercado/bebidas/vinos/tinto/cat20203/c,2024-08-05
https://www.carrefour.es/supermercado/la-despensa/desayuno/cafes/cat26102046/c,2024-08-05
https://www.carrefour.es/supermercado/parafarmacia/botiquin/cat20059/c,2024-08-05
https://www.carrefour.es/supermercado/productos-frescos/charcuteria/salchichon-salami-y-fuet/cat20144/c,2024-08-05
https://www.carrefour.es/supermercado/bebidas/licores-y-cremas/anis-y-chinchon/cat20192/c,2024-08-05
https://www.carrefour.es/supermercado/la-despensa/yogures-y-postres/mousse/cat360015/c,2024-08-05
https://www.carrefour.es/supermercado/perfumeria-e-higiene/higiene-intima/toallitas-y-geles-intimos/cat20244/c,2024-08-05
https://www.carrefour.es/supermercado/la-despensa/helados/barquillos/cat460012/c,2024-08-05
https://www.carrefour.es/supermercado/mascotas/peces-y-tortugas/cat20056/c,2024-08-05
https://www.carrefour.es/supermercado/la-despensa/yogures-y-postres/yogures-liquidos/cat360012/c,2024-08-05
https://www.carrefour.es/supermercado/parafarmacia/cuidado-corporal/jabones-y-geles/cat20403/c,2024-08-05
https://www.carrefour.es/supermercado/la-despensa/alimentacion/legumbres/cat20071/c,2024-08-05
https://www.carrefour.es/supermercado/limpieza-y-hogar/calzado/desodorantes-para-calzado/cat20269/c,2024-08-05
https://www.carrefour.es/supermercado/productos-frescos/carniceria/cat20018/c,2024-08-05
https://www.carrefour.es/supermercado/limpieza-y-hogar/bazar/cat20037/c,2024-08-05
https://www.carrefour.es/supermercado/limpieza-y-hogar/productos-para-cocina/lavavajillas-a-mano/cat20295/c,2024-08-05
https://www.carrefour.es/supermercado/bebidas/refrescos/tonica/cat650014/c,2024-08-05
https://www.carrefour.es/supermercado/bebe/perfumeria-e-higiene/colonia/cat20364/c,2024-08-05
https://www.carrefour.es/supermercado/la-despensa/dulce/dulces-y-golosinas/cat26102706/c,2024-08-05
https://www.carrefour.es/supermercado/productos-frescos/charcuteria-y-quesos-al-corte/queso-denominacion-origen/cat510010/c,2024-08-05
https://www.carrefour.es/supermercado/bebidas/cerveza/sin-alcohol/cat610003/c,2024-08-05
https://www.carrefour.es/supermercado/limpieza-y-hogar/cuidado-de-la-ropa/aditivos-y-quitamanchas/cat20305/c,2024-08-05
https://www.carrefour.es/supermercado/parafarmacia/nutricion-y-dietetica/complementos-vitaminicos/cat20426/c,2024-08-05
https://www.carrefour.es/supermercado/perfumeria-e-higiene/cat20004/c,2024-08-05
https://www.carrefour.es/supermercado/la-despensa/conservas-sopas-y-precocinados/pizzas/cat20115/c,2024-08-05
https://www.carrefour.es/supermercado/la-despensa/aperitivos/tortitas/cat390007/c,2024-08-05
https://www.carrefour.es/supermercado/productos-frescos/pescaderia/bacalao-y-salazones/cat20122/c,2024-08-05
https://www.carrefour.es/supermercado/productos-frescos/charcuteria/salchichas/cat20143/c,2024-08-05
https://www.carrefour.es/supermercado/perfumeria-e-higiene/cuidado-y-proteccion-corporal/body-milk-hidratacion-bajo-la-ducha/cat20232/c,2024-08-05
https://www.carrefour.es/supermercado/perfumeria-e-higiene/boca-y-sonrisa/protector-labial/cat20218/c,2024-08-05
https://www.carrefour.es/supermercado/ofertas/cat20968591/c,2024-08-05
https://www.carrefour.es/supermercado/productos-frescos/carniceria/vacuno/cat190010/c,2024-08-05
https://www.carrefour.es/supermercado/bebe/embarazo-y-lactancia/cremas-y-aceites/cat400005/c,2024-08-05
https://www.carrefour.es/supermercado/bebe/alimentacion-infantil/tarritos-y-platos-preparados/cat20338/c,2024-08-05
https://www.carrefour.es/supermercado/parafarmacia/nutricion-y-dietetica/cat20065/c,2024-08-05
https://www.carrefour.es/supermercado/bebidas/licores-y-cremas/pacharan/cat20196/c,2024-08-05
https://www.carrefour.es/supermercado/limpieza-y-hogar/productos-para-toda-la-casa/limpia-muebles/cat20313/c,2024-08-05
https://www.carrefour.es/supermercado/bebidas/cerveza/todas-las-cervezas/cat140001/c,2024-08-05
https://www.carrefour.es/supermercado/parafarmacia/cabello/otros-champus-de-tratamiento/cat20398/c,2024-08-05
https://www.carrefour.es/supermercado/la-despensa/yogures-y-postres/yogur-natural-y-sabores/cat360008/c,2024-08-05
https://www.carrefour.es/supermercado/parafarmacia/bebe/embarazo-y-lactancia/cat20355/c,2024-08-05
https://www.carrefour.es/supermercado/bebidas/refrescos/bitter-y-ginger-ale/cat650015/c,2024-08-05
https://www.carrefour.es/supermercado/perfumeria-e-higiene/bano-e-higiene-corporal/colonias/cat20205/c,2024-08-05
https://www.carrefour.es/supermercado/productos-frescos/platos-preparados-cocinados/ensaladas-gazpachos-y-sandwiches/cat20135/c,2024-08-05
https://www.carrefour.es/supermercado/limpieza-y-hogar/utensilios-de-limpieza/plumeros-rodillos-y-recambios/cat20333/c,2024-08-05
https://www.carrefour.es/supermercado/bebidas/licores-y-cremas/licores-sin-alcohol/cat20194/c,2024-08-05
https://www.carrefour.es/supermercado/parafarmacia/higiene-bucal/cepillos-y-seda/cat20418/c,2024-08-05
https://www.carrefour.es/supermercado/bebe/perfumeria-e-higiene/acondicionador/cat20366/c,2024-08-05
https://www.carrefour.es/supermercado/parafarmacia/bebe/papillas-y-galletas/cat20359/c,2024-08-05
https://www.carrefour.es/supermercado/la-despensa/alimentacion/vitaminas-y-complementos/cat70008/c,2024-08-05
https://www.carrefour.es/supermercado/parafarmacia/botiquin/lentillas-y-sueros/cat20391/c,2024-08-05
https://www.carrefour.es/supermercado/la-despensa/panaderia-bolleria-y-pasteleria/pan-tostado-biscottes-y-barritas/cat21319205/c,2024-08-05
https://www.carrefour.es/supermercado/la-despensa/dulce-y-desayuno/mermeladas-membrillos-y-compotas/cat20085/c,2024-08-05
https://www.carrefour.es/supermercado/bebidas/refrescos/energeticas/cat650017/c,2024-08-05
https://www.carrefour.es/supermercado/limpieza-y-hogar/productos-para-toda-la-casa/limpiametales/cat20316/c,2024-08-05
https://www.carrefour.es/supermercado/limpieza-y-hogar/bazar/pegamentos-y-siliconas/cat20261/c,2024-08-05
https://www.carrefour.es/supermercado/la-despensa/helados/frutas-heladas/cat460009/c,2024-08-05
https://www.carrefour.es/supermercado/parafarmacia/cuidado-e-higiene-facial/cuidado-acne/cat20407/c,2024-08-05
https://www.carrefour.es/supermercado/parafarmacia/cuidado-corporal/cat20061/c,2024-08-05
https://www.carrefour.es/supermercado/parafarmacia/cuidado-de-manos-y-pies/manicura/cat20416/c,2024-08-05
https://www.carrefour.es/supermercado/productos-frescos/charcuteria/jamon-cocido-y-lacon/cat20140/c,2024-08-05
https://www.carrefour.es/supermercado/productos-frescos/verduras-y-hortalizas/hortalizas/cat220019/c,2024-08-05
https://www.carrefour.es/supermercado/productos-frescos/charcuteria/rincon-del-jamon/cat10254492/c,2024-08-05
https://www.carrefour.es/supermercado/bebidas/refrescos/isotonicas/cat650013/c,2024-08-05
https://www.carrefour.es/supermercado/bebe/panales-y-toallitas/otras-marcas/cat16983488/c,2024-08-05
https://www.carrefour.es/supermercado/limpieza-y-hogar/bazar/electricidad/cat20257/c,2024-08-05
https://www.carrefour.es/supermercado/parafarmacia/cabello/tintes/cat20399/c,2024-08-05
https://www.carrefour.es/supermercado/mascotas/pajaros/cat20055/c,2024-08-05
https://www.carrefour.es/supermercado/la-despensa/helados/conos/cat460004/c,2024-08-05
https://www.carrefour.es/supermercado/mascotas/gatos/pienso-para-gatos/cat20370/c,2024-08-05
https://www.carrefour.es/supermercado/productos-frescos/quesos/queso-fresco/cat20169/c,2024-08-05
https://www.carrefour.es/supermercado/la-despensa/alimentacion/cat20009/c,2024-08-05
https://www.carrefour.es/supermercado/limpieza-y-hogar/papeleria/folios-y-papeles-especiales/cat260010/c,2024-08-05
https://www.carrefour.es/supermercado/limpieza-y-hogar/papeleria/maquinaria-de-oficina/cat260013/c,2024-08-05
https://www.carrefour.es/supermercado/parafarmacia/cuidado-e-higiene-facial/cuidado-labial/cat20408/c,2024-08-05
https://www.carrefour.es/supermercado/la-despensa/yogures-y-postres/yogures-desnatados/cat360006/c,2024-08-05
https://www.carrefour.es/supermercado/perfumeria-e-higiene/higiene-intima/protege-slip/cat20242/c,2024-08-05
https://www.carrefour.es/supermercado/parafarmacia/cuidado-de-manos-y-pies/crema-de-manos/cat20414/c,2024-08-05
https://www.carrefour.es/supermercado/limpieza-y-hogar/conservacion-de-alimentos/papel-de-aluminio/cat20276/c,2024-08-05
https://www.carrefour.es/supermercado/productos-frescos/carniceria/casqueria/cat710001/c,2024-08-05
https://www.carrefour.es/supermercado/perfumeria-e-higiene/depilacion-y-afeitado/maquinillas-y-recambios/cat20239/c,2024-08-05
https://www.carrefour.es/supermercado/bebe/panales-y-toallitas/toallitas/cat20344/c,2024-08-05
https://www.carrefour.es/supermercado/la-despensa/desayuno/cacaos-y-cereales-solubles/cat26102050/c,2024-08-05
https://www.carrefour.es/supermercado/la-despensa/alimentacion/pastas/cat20073/c,2024-08-05
https://www.carrefour.es/supermercado/perfumeria-e-higiene/cabello/tinte/cat20225/c,2024-08-05
https://www.carrefour.es/supermercado/mascotas/perros/premios-snacks-y-huesos/cat20384/c,2024-08-05
https://www.carrefour.es/supermercado/limpieza-y-hogar/ambientadores/absorbeolores/cat20246/c,2024-08-05
https://www.carrefour.es/supermercado/bebidas/alcoholes/ginebra/cat20181/c,2024-08-05
https://www.carrefour.es/supermercado/la-despensa/yogures-y-postres/otros-postres/cat360016/c,2024-08-05
https://www.carrefour.es/supermercado/papeleria/colorear/cat11729677/c,2024-08-05
https://www.carrefour.es/supermercado/limpieza-y-hogar/ambientadores/un-toque/cat20253/c,2024-08-05
https://www.carrefour.es/supermercado/limpieza-y-hogar/menaje/ordenacion/cat20288/c,2024-08-05
https://www.carrefour.es/supermercado/productos-frescos/panaderia-tradicional/pasteleria-y-reposteria/cat20164/c,2024-08-05
https://www.carrefour.es/supermercado/productos-frescos/quesos/rallados/cat690002/c,2024-08-05
https://www.carrefour.es/supermercado/parafarmacia/botiquin/termometro-y-tensiometros/cat20393/c,2024-08-05
https://www.carrefour.es/supermercado/limpieza-y-hogar/utensilios-de-limpieza/bayetas-microfibra-atrapapolvo/cat20323/c,2024-08-05
https://www.carrefour.es/supermercado/bebe/panales-y-toallitas/cat20050/c,2024-08-05
https://www.carrefour.es/supermercado/congelados/salteados-congelados/cat21449194/c,2024-08-05
https://www.carrefour.es/supermercado/productos-frescos/quesos/brie-y-camembert/cat20173/c,2024-08-05
https://www.carrefour.es/supermercado/parafarmacia/bebe/champu/cat20353/c,2024-08-05
https://www.carrefour.es/supermercado/productos-frescos/pescaderia/pulpo-calamar-y-sepia/cat20127/c,2024-08-05
https://www.carrefour.es/supermercado/limpieza-y-hogar/productos-para-bano/limpiadores-antical-bano/cat20292/c,2024-08-05
https://www.carrefour.es/supermercado/la-despensa/ofertas-en-la-despensa/cat21078001/c,2024-08-05
https://www.carrefour.es/supermercado/bebidas/aguas-y-zumos/cat650002/c,2024-08-05
https://www.carrefour.es/supermercado/la-despensa/aperitivos/torreznos-y-cortezas/cat390006/c,2024-08-05
https://www.carrefour.es/supermercado/limpieza-y-hogar/menaje/sartenes-paelleras-y-wok-fondue-parrillas-grill-accesorios/cat20289/c,2024-08-05
https://www.carrefour.es/supermercado/productos-frescos/quesos/tablas-de-quesos/cat20177/c,2024-08-05
https://www.carrefour.es/supermercado/productos-frescos/quesos/todos-los-quesos/cat30004/c,2024-08-05
https://www.carrefour.es/supermercado/perfumeria-e-higiene/cosmetica/labios/cat20227/c,2024-08-05
https://www.carrefour.es/supermercado/productos-frescos/quesos/tierno/cat20171/c,2024-08-05
https://www.carrefour.es/supermercado/la-despensa/dulce/mermeladas-membrillos-y-compotas/cat26102558/c,2024-08-05
https://www.carrefour.es/supermercado/parafarmacia/cabello/cat20060/c,2024-08-05
https://www.carrefour.es/supermercado/perfumeria-e-higiene/bano-e-higiene-corporal/esponjas-manoplas-y-cepillos-de-bano/cat20207/c,2024-08-05
https://www.carrefour.es/supermercado/bebe/perfumeria-e-higiene/lotes-multiproducto/cat400009/c,2024-08-05
https://www.carrefour.es/supermercado/la-despensa/alimentacion/semillas/cat20118/c,2024-08-05
https://www.carrefour.es/supermercado/limpieza-y-hogar/utensilios-de-limpieza/estropajos/cat20328/c,2024-08-05
https://www.carrefour.es/supermercado/bebe/alimentacion-infantil/leches-infantiles/cat20334/c,2024-08-05
https://www.carrefour.es/supermercado/limpieza-y-hogar/menaje/accesorios-para-vino/cat20282/c,2024-08-05
https://www.carrefour.es/supermercado/limpieza-y-hogar/ambientadores/decorativos/cat20251/c,2024-08-05
https://www.carrefour.es/supermercado/productos-frescos/verduras-y-hortalizas/cat220014/c,2024-08-05
https://www.carrefour.es/supermercado/limpieza-y-hogar/productos-para-toda-la-casa/cat20045/c,2024-08-05
https://www.carrefour.es/supermercado/la-despensa/lacteos/bebida-vegetal/cat20090/c,2024-08-05
https://www.carrefour.es/supermercado/bebidas/refrescos/colas/cat650010/c,2024-08-05
https://www.carrefour.es/supermercado/mascotas/perros/confort/cat20382/c,2024-08-05
https://www.carrefour.es/supermercado/papeleria/cartuchos-de-tinta/cat11729675/c,2024-08-05
https://www.carrefour.es/supermercado/la-despensa/panaderia-bolleria-y-pasteleria/pan-de-molde/cat21618473/c,2024-08-05
https://www.carrefour.es/supermercado/bebidas/refrescos/sabores-sin-gas/cat650012/c,2024-08-05
https://www.carrefour.es/supermercado/perfumeria-e-higiene/cosmetica/estuches-de-bano-y-cosmetica/cat190008/c,2024-08-05
https://www.carrefour.es/supermercado/productos-frescos/quesos/gouda-y-emmental/cat20175/c,2024-08-05
https://www.carrefour.es/supermercado/congelados/helados/hielo/cat21449314/c,2024-08-05
https://www.carrefour.es/supermercado/parafarmacia/cuidado-e-higiene-facial/cat20062/c,2024-08-05
https://www.carrefour.es/supermercado/bebidas/cava-y-champagne/estuches-de-cava/cat370008/c,2024-08-05
https://www.carrefour.es/supermercado/la-despensa/dulce-y-desayuno/cat20010/c,2024-08-05
https://www.carrefour.es/supermercado/bebidas/sidra/achampanada/cat370009/c,2024-08-05
https://www.carrefour.es/supermercado/limpieza-y-hogar/papeleria/forralibros/cat260011/c,2024-08-05
https://www.carrefour.es/supermercado/bebidas/sidra/natural/cat370010/c,2024-08-05
https://www.carrefour.es/supermercado/limpieza-y-hogar/menaje/cat20041/c,2024-08-05
https://www.carrefour.es/supermercado/productos-frescos/platos-preparados-cocinados/cocina-internacional/cat20133/c,2024-08-05
https://www.carrefour.es/supermercado/mascotas/peces-y-tortugas/peces/cat20375/c,2024-08-05
https://www.carrefour.es/supermercado/bebidas/cava-y-champagne/todos-los-cavas-y-champagnes/cat20191/c,2024-08-05
https://www.carrefour.es/supermercado/productos-frescos/verduras-y-hortalizas/setas-y-hongos/cat220021/c,2024-08-05
https://www.carrefour.es/supermercado/la-despensa/huevos/huevos-frescos/cat20178/c,2024-08-05
https://www.carrefour.es/supermercado/bebidas/cerveza/rubia/cat20189/c,2024-08-05
https://www.carrefour.es/supermercado/productos-frescos/charcuteria-y-quesos-al-corte/quesos-nacionales/cat510009/c,2024-08-05
https://www.carrefour.es/supermercado/parafarmacia/bebe/anti-irritacion/cat20351/c,2024-08-05
https://www.carrefour.es/supermercado/la-despensa/conservas-sopas-y-precocinados/platos-preparados/cat20116/c,2024-08-05
https://www.carrefour.es/supermercado/productos-frescos/quesos/otros-internacionales/cat20176/c,2024-08-05
https://www.carrefour.es/supermercado/limpieza-y-hogar/cuidado-de-la-ropa/lejias-lavadora/cat290001/c,2024-08-05
https://www.carrefour.es/supermercado/productos-frescos/frutas/fruta-de-hueso/cat15916006/c,2024-08-05
https://www.carrefour.es/supermercado/bebidas/alcoholes/todos-los-alcoholes/cat30005/c,2024-08-05
https://www.carrefour.es/supermercado/limpieza-y-hogar/utensilios-de-limpieza/escobas-mopas-y-recogedores/cat20327/c,2024-08-05
https://www.carrefour.es/supermercado/limpieza-y-hogar/bazar/automovil/cat20254/c,2024-08-05
https://www.carrefour.es/supermercado/mascotas/perros/juguetes/cat20383/c,2024-08-05
https://www.carrefour.es/supermercado/perfumeria-e-higiene/bano-e-higiene-corporal/perfumeria-para-regalar/cat9216208/c,2024-08-05
https://www.carrefour.es/supermercado/limpieza-y-hogar/productos-para-cocina/cat20043/c,2024-08-05
https://www.carrefour.es/supermercado/bebe/embarazo-y-lactancia/discos-pezoneras-y-sacaleches/cat400008/c,2024-08-05
https://www.carrefour.es/supermercado/limpieza-y-hogar/utensilios-de-limpieza/otros-utiles/cat20331/c,2024-08-05
https://www.carrefour.es/supermercado/la-despensa/alimentacion/vino-de-cocinar/cat20077/c,2024-08-05
https://www.carrefour.es/supermercado/parafarmacia/nutricion-y-dietetica/batidos-e-infusiones/cat20425/c,2024-08-05
https://www.carrefour.es/supermercado/la-despensa/conservas-sopas-y-precocinados/masa-fresca-y-bases/cat21635562/c,2024-08-05
https://www.carrefour.es/supermercado/limpieza-y-hogar/papel-y-celulosa/papel-higienico/cat20320/c,2024-08-05
https://www.carrefour.es/supermercado/productos-frescos/pescaderia/pescado-y-marisco-congelado/cat210007/c,2024-08-05
https://www.carrefour.es/supermercado/mascotas/perros/pienso-para-perros/cat20377/c,2024-08-05
https://www.carrefour.es/supermercado/bebidas/vinos/vinos-internacionales/cat20204/c,2024-08-05
https://www.carrefour.es/supermercado/parafarmacia/ofertas-en-parafarmacia/cat21078030/c,2024-08-05
https://www.carrefour.es/supermercado/limpieza-y-hogar/productos-para-toda-la-casa/limpiacristales-y-multiusos/cat20317/c,2024-08-05
https://www.carrefour.es/supermercado/limpieza-y-hogar/menaje/utensilios-de-cocina/cat20290/c,2024-08-05
https://www.carrefour.es/supermercado/perfumeria-e-higiene/cuidado-y-proteccion-corporal/pies/cat20234/c,2024-08-05
https://www.carrefour.es/supermercado/bebidas/aguas-y-zumos/zumos-refrigerados/cat650008/c,2024-08-05
https://www.carrefour.es/supermercado/productos-frescos/charcuteria-y-quesos-al-corte/cat510001/c,2024-08-05
https://www.carrefour.es/supermercado/productos-frescos/carniceria/conejo/cat440001/c,2024-08-05
https://www.carrefour.es/supermercado/congelados/helados/sandwiches/cat21449306/c,2024-08-05
https://www.carrefour.es/supermercado/limpieza-y-hogar/ambientadores/coche/cat20250/c,2024-08-05
https://www.carrefour.es/supermercado/bebidas/vinos/de-mesa/cat20198/c,2024-08-05
https://www.carrefour.es/supermercado/parafarmacia/bebe/puericultura/cat20361/c,2024-08-05
https://www.carrefour.es/supermercado/productos-frescos/charcuteria/foie-pates-y-sobrasadas/cat20142/c,2024-08-05
https://www.carrefour.es/supermercado/perfumeria-e-higiene/bano-e-higiene-corporal/cat20028/c,2024-08-05
https://www.carrefour.es/supermercado/la-despensa/dulce-y-desayuno/dulces-y-golosinas/cat20083/c,2024-08-05
https://www.carrefour.es/supermercado/perfumeria-e-higiene/bano-e-higiene-corporal/jabon-de-manos/cat20209/c,2024-08-05
https://www.carrefour.es/supermercado/bebe/embarazo-y-lactancia/cat400001/c,2024-08-05
https://www.carrefour.es/supermercado/productos-frescos/panaderia-tradicional/pdteborrar-pdteborrar-pdteborrar-pan-de-molde-tostado-y-picos/cat20163/c,2024-08-05
https://www.carrefour.es/supermercado/mascotas/perros/collares-y-correas/cat20380/c,2024-08-05
https://www.carrefour.es/supermercado/la-despensa/lacteos/bechamel/cat20091/c,2024-08-05
https://www.carrefour.es/supermercado/bebidas/licores-y-cremas/todos-los-licores-y-cremas/cat30003/c,2024-08-05
https://www.carrefour.es/supermercado/la-despensa/desayuno/barritas/cat26101207/c,2024-08-05
https://www.carrefour.es/supermercado/mascotas/pajaros/pienso-para-pajaros/cat20374/c,2024-08-05
https://www.carrefour.es/supermercado/parafarmacia/cuidado-de-manos-y-pies/apositos-y-plantillas/cat20413/c,2024-08-05
https://www.carrefour.es/supermercado/la-despensa/aperitivos/aceitunas-y-encurtidos/cat20067/c,2024-08-05
https://www.carrefour.es/supermercado/limpieza-y-hogar/papel-y-celulosa/cat20046/c,2024-08-05
https://www.carrefour.es/supermercado/bebidas/refrescos/sabores-con-gas/cat650011/c,2024-08-05
https://www.carrefour.es/supermercado/perfumeria-e-higiene/cabello/fijadores/cat20224/c,2024-08-05
https://www.carrefour.es/supermercado/la-despensa/dulce-y-desayuno/infusiones-y-tes/cat20105/c,2024-08-05
https://www.carrefour.es/supermercado/parafarmacia/nutricion-y-dietetica/tratamientos-naturales/cat20428/c,2024-08-05
https://www.carrefour.es/supermercado/perfumeria-e-higiene/cuidado-y-proteccion-corporal/piel/cat20233/c,2024-08-05
https://www.carrefour.es/supermercado/la-despensa/helados/bloques/cat460002/c,2024-08-05
https://www.carrefour.es/supermercado/perfumeria-e-higiene/cabello/cat20031/c,2024-08-05
https://www.carrefour.es/supermercado/limpieza-y-hogar/productos-para-cocina/aditivos-y-limpiamaquinas/cat20300/c,2024-08-05
https://www.carrefour.es/supermercado/perfumeria-e-higiene/cosmetica/ojos/cat20228/c,2024-08-05
https://www.carrefour.es/supermercado/la-despensa/dulce-y-desayuno/siropes-aromas-y-decoracion/cat20088/c,2024-08-05
https://www.carrefour.es/supermercado/bebidas/sidra/sin-alcohol/cat370012/c,2024-08-05
https://www.carrefour.es/supermercado/la-despensa/aperitivos/galletas-saladas/cat390002/c,2024-08-05
https://www.carrefour.es/supermercado/bebe/puericultura/chupetes-biberones-y-tetinas/cat400003/c,2024-08-05
https://www.carrefour.es/supermercado/perfumeria-e-higiene/higiene-intima/tampones/cat20243/c,2024-08-05
https://www.carrefour.es/supermercado/limpieza-y-hogar/menaje/hermeticos/cat130003/c,2024-08-05
https://www.carrefour.es/supermercado/limpieza-y-hogar/calzado/cat20038/c,2024-08-05
https://www.carrefour.es/supermercado,2024-08-05
https://www.carrefour.es/supermercado/productos-frescos/quesos/fundidos/cat690001/c,2024-08-05
https://www.carrefour.es/supermercado/congelados/rebozados-y-platos-preparados/cat21449190/c,2024-08-05
https://www.carrefour.es/supermercado/limpieza-y-hogar/cuidado-de-la-ropa/tinte-para-la-ropa/cat20308/c,2024-08-05
https://www.carrefour.es/supermercado/limpieza-y-hogar/utensilios-de-limpieza/cubos-de-fregar-y-barrenos/cat20326/c,2024-08-05
https://www.carrefour.es/supermercado/productos-frescos/charcuteria/mortadela-y-chopped/cat370002/c,2024-08-05
https://www.carrefour.es/supermercado/bebidas/sidra/cat20026/c,2024-08-05
https://www.carrefour.es/supermercado/perfumeria-e-higiene/ofertas-en-perfumeria-e-higiene/cat21078020/c,2024-08-05
https://www.carrefour.es/supermercado/limpieza-y-hogar/utensilios-de-limpieza/palos-y-sujetapalos/cat20332/c,2024-08-05
https://www.carrefour.es/supermercado/la-despensa/dulce/siropes-aromas-y-decoracion/cat26102820/c,2024-08-05
https://www.carrefour.es/supermercado/la-despensa/huevos/claras-de-huevo/cat700001/c,2024-08-05
https://www.carrefour.es/supermercado/la-despensa/dulce-y-desayuno/azucar-y-edulcorantes/cat20078/c,2024-08-05
https://www.carrefour.es/supermercado/productos-frescos/panaderia-tradicional/pdteborrar-pdteborrar-masa-fresca-y-bases/cat20162/c,2024-08-05
https://www.carrefour.es/supermercado/perfumeria-e-higiene/depilacion-y-afeitado/cat20034/c,2024-08-05
https://www.carrefour.es/supermercado/limpieza-y-hogar/productos-para-bano/wc/cat20294/c,2024-08-05
https://www.carrefour.es/supermercado/limpieza-y-hogar/calzado/plantillas-de-calzado/cat20273/c,2024-08-05
https://www.carrefour.es/supermercado/limpieza-y-hogar/calzado/limpiador-liquido/cat20272/c,2024-08-05
https://www.carrefour.es/supermercado/mascotas/cat20007/c,2024-08-05
https://www.carrefour.es/supermercado/parafarmacia/cat20008/c,2024-08-05
https://www.carrefour.es/supermercado/productos-frescos/charcuteria/chorizo-lomo-y-otros/cat20138/c,2024-08-05
https://www.carrefour.es/supermercado/la-despensa/dulce/cat26100388/c,2024-08-05
https://www.carrefour.es/supermercado/parafarmacia/cuidado-e-higiene-facial/desmaquillantes/cat20409/c,2024-08-05
https://www.carrefour.es/supermercado/la-despensa/cestas-y-lotes/estuches-de-vino-y-cava/cat340004/c,2024-08-05
https://www.carrefour.es/supermercado/limpieza-y-hogar/cuidado-de-la-ropa/detergentes/cat20303/c,2024-08-05
https://www.carrefour.es/supermercado/productos-frescos/pescaderia/cat20014/c,2024-08-05
https://www.carrefour.es/supermercado/bebe/perfumeria-e-higiene/champu/cat20341/c,2024-08-05
https://www.carrefour.es/supermercado/parafarmacia/higiene-bucal/cuidado-y-fijacion-protesis-dentales/cat20420/c,2024-08-05
https://www.carrefour.es/supermercado/la-despensa/desayuno/cereales/cat26100678/c,2024-08-05
https://www.carrefour.es/supermercado/productos-frescos/charcuteria/bacon-y-panceta/cat20137/c,2024-08-05
https://www.carrefour.es/supermercado/productos-frescos/platos-preparados-cocinados/fritos/cat10929045/c,2024-08-05
https://www.carrefour.es/supermercado/la-despensa/aperitivos/frutos-secos/cat390003/c,2024-08-05
https://www.carrefour.es/supermercado/limpieza-y-hogar/menaje/ollas-cazos-y-accesorios/cat20287/c,2024-08-05
https://www.carrefour.es/supermercado/congelados/pescados-congelados/cat21449156/c,2024-08-05
https://www.carrefour.es/supermercado/bebidas/aguas-y-zumos/agua-de-mas-de-2-litros/cat650005/c,2024-08-05
https://www.carrefour.es/supermercado/productos-frescos/verduras-y-hortalizas/tomates-y-pepinos/cat220018/c,2024-08-05
https://www.carrefour.es/supermercado/congelados/ofertas-en-congelados/cat22473767/c,2024-08-05
https://www.carrefour.es/supermercado/parafarmacia/bebe/accesorios-bano/cat20350/c,2024-08-05
https://www.carrefour.es/supermercado/la-despensa/desayuno/azucar-y-edulcorantes/cat26102048/c,2024-08-05
https://www.carrefour.es/supermercado/productos-frescos/frutas/manzanas-y-peras/cat220010/c,2024-08-05
https://www.carrefour.es/supermercado/la-despensa/helados/tartas-heladas/cat460010/c,2024-08-05
https://www.carrefour.es/supermercado/perfumeria-e-higiene/cosmetica/cat20032/c,2024-08-05
https://www.carrefour.es/supermercado/la-despensa/cat20001/c,2024-08-05
https://www.carrefour.es/supermercado/la-despensa/lacteos/leche/cat20093/c,2024-08-05
https://www.carrefour.es/supermercado/bebe/perfumeria-e-higiene/bastoncillos-algodon-y-sueros/cat20340/c,2024-08-05
https://www.carrefour.es/supermercado/perfumeria-e-higiene/bienestar-sexual/cat20029/c,2024-08-05
https://www.carrefour.es/supermercado/mascotas/peces-y-tortugas/tortugas/cat80003/c,2024-08-05
https://www.carrefour.es/supermercado/la-despensa/alimentacion/sales-y-bicarbonatos/cat20075/c,2024-08-05
https://www.carrefour.es/supermercado/la-despensa/lacteos/mantequillas-y-margarinas/cat20095/c,2024-08-05
https://www.carrefour.es/supermercado/bebidas/aguas-y-zumos/agua-hasta-075-litros/cat650003/c,2024-08-05
https://www.carrefour.es/supermercado/limpieza-y-hogar/utensilios-de-limpieza/bolsas-de-basura/cat20324/c,2024-08-05
https://www.carrefour.es/supermercado/limpieza-y-hogar/bazar/barbacoas-y-accesorios/cat20283/c,2024-08-05
https://www.carrefour.es/supermercado/productos-frescos/carniceria/hamburguesas/cat20154/c,2024-08-05
https://www.carrefour.es/supermercado/perfumeria-e-higiene/depilacion-y-afeitado/afeitado/cat20236/c,2024-08-05
https://www.carrefour.es/supermercado/bebidas/sidra/cider/cat370011/c,2024-08-05
https://www.carrefour.es/supermercado/limpieza-y-hogar/productos-para-cocina/vitroceramicas-e-induccion/cat20301/c,2024-08-05
https://www.carrefour.es/supermercado/productos-frescos/frutas/frutos-del-bosque/cat220009/c,2024-08-05
https://www.carrefour.es/supermercado/bebe/alimentacion-infantil/complementos-alimenticios-e-infusiones-para-bebe/cat400010/c,2024-08-05
https://www.carrefour.es/supermercado/la-despensa/aperitivos/patatas-fritas/cat20072/c,2024-08-05
https://www.carrefour.es/supermercado/la-despensa/conservas-sopas-y-precocinados/platos-tradicionales/cat20117/c,2024-08-05
https://www.carrefour.es/supermercado/productos-frescos/quesos/anejo/cat20167/c,2024-08-05
https://www.carrefour.es/supermercado/la-despensa/alimentacion/salsas-y-tomate-frito/cat20076/c,2024-08-05
https://www.carrefour.es/supermercado/limpieza-y-hogar/menaje/menaje-desechable/cat20286/c,2024-08-05
https://www.carrefour.es/supermercado/bebe/perfumeria-e-higiene/cat20049/c,2024-08-05
https://www.carrefour.es/supermercado/parafarmacia/cabello/champus-anticaida/cat20397/c,2024-08-05
https://www.carrefour.es/supermercado/la-despensa/yogures-y-postres/colesterol-oseo-y-tension/cat360010/c,2024-08-05
https://www.carrefour.es/supermercado/parafarmacia/cabello/antiparasitarios/cat20396/c,2024-08-05
https://www.carrefour.es/supermercado/perfumeria-e-higiene/higiene-intima/cat20035/c,2024-08-05
https://www.carrefour.es/supermercado/productos-frescos/carniceria/empanados/cat20153/c,2024-08-05
https://www.carrefour.es/supermercado/bebidas/cava-y-champagne/cavas/cat370006/c,2024-08-05
https://www.carrefour.es/supermercado/limpieza-y-hogar/bazar/burletes/cat20266/c,2024-08-05
https://www.carrefour.es/supermercado/bebe/perfumeria-e-higiene/aceite-corporal/cat20363/c,2024-08-05
https://www.carrefour.es/supermercado/parafarmacia/bebe/lotes-multiproducto/cat20358/c,2024-08-05
https://www.carrefour.es/supermercado/limpieza-y-hogar/ambientadores/cat20036/c,2024-08-05
https://www.carrefour.es/supermercado/la-despensa/panaderia-bolleria-y-pasteleria/cat21319201/c,2024-08-05
https://www.carrefour.es/supermercado/productos-frescos/carniceria/otras-carnes/cat190009/c,2024-08-05
https://www.carrefour.es/supermercado/limpieza-y-hogar/cuidado-de-la-ropa/suavizantes/cat20307/c,2024-08-05
https://www.carrefour.es/supermercado/limpieza-y-hogar/papeleria/marcadores/cat260014/c,2024-08-05
https://www.carrefour.es/supermercado/productos-frescos/platos-preparados-cocinados/platos-de-carne-y-pescado/cat9434350/c,2024-08-05
https://www.carrefour.es/supermercado/limpieza-y-hogar/menaje/cafeteras-y-accesorios/cat20284/c,2024-08-05
https://www.carrefour.es/supermercado/bebe/embarazo-y-lactancia/compresas-y-protegeslips/cat400006/c,2024-08-05
https://www.carrefour.es/supermercado/limpieza-y-hogar/bazar/jardineria/cat20280/c,2024-08-05
https://www.carrefour.es/supermercado/productos-frescos/quesos/con-denominacion-origen/cat20172/c,2024-08-05
https://www.carrefour.es/supermercado/bebidas/refrescos/kombucha/cat23383768/c,2024-08-05
https://www.carrefour.es/supermercado/la-despensa/conservas-sopas-y-precocinados/gazpacho-y-salmorejo/cat500001/c,2024-08-05
https://www.carrefour.es/supermercado/la-despensa/dulce/reposteria/cat26102772/c,2024-08-05
https://www.carrefour.es/supermercado/parafarmacia/botiquin/oido-y-protectores/cat20392/c,2024-08-05
https://www.carrefour.es/supermercado/productos-frescos/platos-preparados-cocinados/platos-de-verdura/cat10929102/c,2024-08-05
https://www.carrefour.es/supermercado/congelados/helados/bloques/cat21449327/c,2024-08-05
https://www.carrefour.es/supermercado/la-despensa/cestas-y-lotes/perfumeria-para-regalar/cat9216089/c,2024-08-05
https://www.carrefour.es/supermercado/bebidas/cerveza/negra/cat20187/c,2024-08-05
https://www.carrefour.es/supermercado/limpieza-y-hogar/papel-y-celulosa/panuelos/cat20318/c,2024-08-05
https://www.carrefour.es/supermercado/parafarmacia/botiquin/higiene-y-tiras-nasales/cat20394/c,2024-08-05
https://www.carrefour.es/supermercado/la-despensa/panaderia-bolleria-y-pasteleria/pan-perrito-y-burguer/cat21623839/c,2024-08-05
https://www.carrefour.es/supermercado/productos-frescos/frutas/naranjas-y-otros-citricos/cat220007/c,2024-08-05
https://www.carrefour.es/supermercado/perfumeria-e-higiene/bano-e-higiene-corporal/desodorantes/cat20206/c,2024-08-05
https://www.carrefour.es/supermercado/la-despensa/conservas-sopas-y-precocinados/conservas-de-frutas/cat20110/c,2024-08-05
https://www.carrefour.es/supermercado/la-despensa/aperitivos/frutas-desecadas/cat390004/c,2024-08-05
https://www.carrefour.es/supermercado/bebidas/alcoholes/tequila/cat20183/c,2024-08-05
https://www.carrefour.es/supermercado/limpieza-y-hogar/utensilios-de-limpieza/guantes/cat20330/c,2024-08-05
https://www.carrefour.es/supermercado/perfumeria-e-higiene/boca-y-sonrisa/dentifricos/cat20216/c,2024-08-05
https://www.carrefour.es/supermercado/parafarmacia/bebe/hidratantes-y-aceites-corporales/cat20356/c,2024-08-05
https://www.carrefour.es/supermercado/perfumeria-e-higiene/bienestar-sexual/estimuladores/cat20212/c,2024-08-05
https://www.carrefour.es/supermercado/congelados/helados/tartas-heladas/cat21449319/c,2024-08-05
https://www.carrefour.es/supermercado/bebidas/alcoholes/brandy-y-conac/cat20179/c,2024-08-05
https://www.carrefour.es/supermercado/congelados/verduras-congeladas/cat21449175/c,2024-08-05
https://www.carrefour.es/supermercado/parafarmacia/botiquin/alivio-del-dolor/cat20387/c,2024-08-05
https://www.carrefour.es/supermercado/la-despensa/dulce-y-desayuno/turron-y-dulces-navidad/cat24503033/c,2024-08-05
https://www.carrefour.es/supermercado/bebidas/vinos/estuches-de-vino/cat570002/c,2024-08-05
https://www.carrefour.es/supermercado/la-despensa/helados/polos/cat460006/c,2024-08-05
https://www.carrefour.es/supermercado/limpieza-y-hogar/utensilios-de-limpieza/cat20047/c,2024-08-05
https://www.carrefour.es/supermercado/perfumeria-e-higiene/cabello/champus/cat20222/c,2024-08-05
https://www.carrefour.es/supermercado/la-despensa/lacteos/leche-condensada-evaporada-y-en-polvo/cat20094/c,2024-08-05
https://www.carrefour.es/supermercado/parafarmacia/higiene-bucal/frescor-y-aliento/cat20422/c,2024-08-05
https://www.carrefour.es/supermercado/parafarmacia/higiene-bucal/pasta-de-dientes/cat20421/c,2024-08-05
https://www.carrefour.es/supermercado/la-despensa/dulce-y-desayuno/galletas/cat20084/c,2024-08-05
https://www.carrefour.es/supermercado/productos-frescos/panaderia-tradicional/panettones/cat9358468/c,2024-08-05
https://www.carrefour.es/supermercado/la-despensa/yogures-y-postres/vegetal/cat360014/c,2024-08-05
https://www.carrefour.es/supermercado/parafarmacia/cuidado-de-manos-y-pies/cat20063/c,2024-08-05
https://www.carrefour.es/supermercado/limpieza-y-hogar/menaje/jarras-y-filtros-de-agua/cat20285/c,2024-08-05
https://www.carrefour.es/supermercado/congelados/surimi-congelado/cat21449169/c,2024-08-05
https://www.carrefour.es/supermercado/parafarmacia/cuidado-e-higiene-facial/tonicos-y-lociones/cat20412/c,2024-08-05
https://www.carrefour.es/supermercado/productos-frescos/charcuteria-y-quesos-al-corte/jamones-y-paletas-curados/cat510006/c,2024-08-05
https://www.carrefour.es/supermercado/mascotas/gatos/arena/cat20371/c,2024-08-05
https://www.carrefour.es/supermercado/mascotas/perros/comederos/cat80004/c,2024-08-05
https://www.carrefour.es/supermercado/productos-frescos/panaderia-tradicional/bolleria-tradicional/cat170026/c,2024-08-05
https://www.carrefour.es/supermercado/la-despensa/helados/cat460001/c,2024-08-05
https://www.carrefour.es/supermercado/productos-frescos/carniceria/carne-picada/cat20147/c,2024-08-05
https://www.carrefour.es/supermercado/productos-frescos/quesos/semicurado/cat20170/c,2024-08-05
https://www.carrefour.es/supermercado/productos-frescos/pescaderia/pescado-fresco/cat20125/c,2024-08-05
https://www.carrefour.es/supermercado/bebe/panales-y-toallitas/panales-agatha-ruiz-de-la-prada/cat25343291/c,2024-08-05
https://www.carrefour.es/supermercado/la-despensa/panaderia-bolleria-y-pasteleria/pasteleria/cat21618505/c,2024-08-05
https://www.carrefour.es/supermercado/productos-frescos/frutas/fruta-de-temporada/cat350001/c,2024-08-05
https://www.carrefour.es/supermercado/bebidas/refrescos/gaseosa/cat650018/c,2024-08-05
https://www.carrefour.es/supermercado/limpieza-y-hogar/cat20005/c,2024-08-05
https://www.carrefour.es/supermercado/bebe/panales-y-toallitas/panales-de-noche/cat20349/c,2024-08-05
https://www.carrefour.es/supermercado/perfumeria-e-higiene/cosmetica/unas/cat20230/c,2024-08-05
https://www.carrefour.es/supermercado/bebe/cat20006/c,2024-08-05
https://www.carrefour.es/supermercado/perfumeria-e-higiene/cuidado-y-proteccion-corporal/productos-para-viaje/cat20245/c,2024-08-05
https://www.carrefour.es/supermercado/parafarmacia/botiquin/tos-y-garganta/cat20395/c,2024-08-05
https://www.carrefour.es/supermercado/productos-frescos/verduras-y-hortalizas/hierbas-aromaticas-y-especias/cat220023/c,2024-08-05
https://www.carrefour.es/supermercado/limpieza-y-hogar/papel-y-celulosa/toallitas-gafas/cat20322/c,2024-08-05
https://www.carrefour.es/supermercado/papeleria/cat11729668/c,2024-08-05
https://www.carrefour.es/supermercado/perfumeria-e-higiene/higiene-intima/compresas/cat20240/c,2024-08-05
https://www.carrefour.es/supermercado/limpieza-y-hogar/productos-para-bano/desatascadores-y-limpia-tuberias/cat310001/c,2024-08-05
https://www.carrefour.es/supermercado/mascotas/perros/higiene/cat20381/c,2024-08-05
https://www.carrefour.es/supermercado/perfumeria-e-higiene/cuidado-y-proteccion-corporal/cat20033/c,2024-08-05
https://www.carrefour.es/supermercado/productos-frescos/quesos/azules-y-roquefort/cat20174/c,2024-08-05
https://www.carrefour.es/supermercado/productos-frescos/panaderia-tradicional/pdteborrar-pdteborrar-magdalenas-dulces-y-bollos/cat20161/c,2024-08-05
https://www.carrefour.es/supermercado/la-despensa/helados/sandwiches/cat460005/c,2024-08-05
https://www.carrefour.es/supermercado/bebe/alimentacion-infantil/postres-zumos-petit-y-yogures-infantiles/cat20337/c,2024-08-05
https://www.carrefour.es/supermercado/bebidas/ofertas-en-bebidas/cat21078006/c,2024-08-05
https://www.carrefour.es/supermercado/la-despensa/lacteos/listo-para-beber/cat410003/c,2024-08-05
https://www.carrefour.es/supermercado/limpieza-y-hogar/calzado/esponjas-autobrillantes/cat20270/c,2024-08-05
https://www.carrefour.es/supermercado/bebidas/alcoholes/sin-alcohol/cat610002/c,2024-08-05
https://www.carrefour.es/supermercado/limpieza-y-hogar/cuidado-de-la-ropa/cat20044/c,2024-08-05
https://www.carrefour.es/supermercado/limpieza-y-hogar/conservacion-de-alimentos/papel-y-moldes-para-horno/cat20277/c,2024-08-05
https://www.carrefour.es/supermercado/la-despensa/desayuno/infusiones-y-tes/cat26102052/c,2024-08-05
https://www.carrefour.es/supermercado/congelados/helados/tarrinas/cat21449289/c,2024-08-05
https://www.carrefour.es/supermercado/productos-frescos/panaderia-tradicional/empanadas-y-hojaldres/cat20136/c,2024-08-05
https://www.carrefour.es/supermercado/parafarmacia/botiquin/apositos-y-gasas/cat20390/c,2024-08-05
https://www.carrefour.es/supermercado/productos-frescos/frutas/cat220006/c,2024-08-05
https://www.carrefour.es/supermercado/limpieza-y-hogar/bazar/linternas/cat20258/c,2024-08-05
https://www.carrefour.es/supermercado/perfumeria-e-higiene/boca-y-sonrisa/cat20030/c,2024-08-05
https://www.carrefour.es/supermercado/perfumeria-e-higiene/cuidado-y-proteccion-corporal/limpieza-facial/cat20231/c,2024-08-05
https://www.carrefour.es/supermercado/bebidas/alcoholes/whisky-y-bourbon/cat20186/c,2024-08-05
https://www.carrefour.es/supermercado/productos-frescos/charcuteria/tablas-y-surtidos/cat20145/c,2024-08-05
https://www.carrefour.es/supermercado/limpieza-y-hogar/productos-para-toda-la-casa/lejias-y-amoniacos/cat20312/c,2024-08-05
https://www.carrefour.es/supermercado/la-despensa/desayuno/galletas/cat26102047/c,2024-08-05
https://www.carrefour.es/supermercado/perfumeria-e-higiene/boca-y-sonrisa/enjuagues-bucales/cat20217/c,2024-08-05
https://www.carrefour.es/supermercado/bebidas/licores-y-cremas/cremas/cat20193/c,2024-08-05
https://www.carrefour.es/supermercado/la-despensa/panaderia-bolleria-y-pasteleria/pan-rallado-y-rebozados/cat21623845/c,2024-08-05
https://www.carrefour.es/supermercado/congelados/helados/frutas-heladas/cat21449310/c,2024-08-05
https://www.carrefour.es/supermercado/bebidas/aguas-y-zumos/agua-de-075-a-2-litros/cat650004/c,2024-08-05
https://www.carrefour.es/supermercado/la-despensa/yogures-y-postres/cat390008/c,2024-08-05
https://www.carrefour.es/supermercado/perfumeria-e-higiene/depilacion-y-afeitado/depilacion/cat20238/c,2024-08-05
https://www.carrefour.es/supermercado/bebidas/cerveza/tostada-roja/cat20190/c,2024-08-05
https://www.carrefour.es/supermercado/la-despensa/yogures-y-postres/flanes/cat360013/c,2024-08-05
https://www.carrefour.es/supermercado/mascotas/gatos/premios-y-snacks/cat20372/c,2024-08-05
https://www.carrefour.es/supermercado/productos-frescos/pescaderia/preparados-y-elaborados-de-pescado-y-marisco/cat20126/c,2024-08-05
https://www.carrefour.es/supermercado/congelados/helados/bombon-helado/cat21449294/c,2024-08-05
https://www.carrefour.es/supermercado/perfumeria-e-higiene/bano-e-higiene-corporal/ojos-y-oreja/cat20210/c,2024-08-05
https://www.carrefour.es/supermercado/perfumeria-e-higiene/cabello/cepillos-peines-y-accesorios/cat20221/c,2024-08-05
https://www.carrefour.es/supermercado/productos-frescos/charcuteria-y-quesos-al-corte/quesos-internacionales/cat510008/c,2024-08-05
https://www.carrefour.es/supermercado/productos-frescos/platos-preparados-cocinados/cat20016/c,2024-08-05
https://www.carrefour.es/supermercado/bebe/alimentacion-infantil/cat20048/c,2024-08-05
https://www.carrefour.es/supermercado/perfumeria-e-higiene/cabello/acondicionadores/cat20220/c,2024-08-05
https://www.carrefour.es/supermercado/bebidas/licores-y-cremas/cat20025/c,2024-08-05
https://www.carrefour.es/supermercado/limpieza-y-hogar/bazar/pequeno-electrodomestico/cat450004/c,2024-08-05
https://www.carrefour.es/supermercado/productos-frescos/pescaderia/surimi-y-elaborados/cat20123/c,2024-08-05
https://www.carrefour.es/supermercado/bebidas/cava-y-champagne/champagne/cat370007/c,2024-08-05
https://www.carrefour.es/supermercado/la-despensa/aperitivos/cat390001/c,2024-08-05
https://www.carrefour.es/supermercado/productos-frescos/frutas/platanos-y-bananas/cat220011/c,2024-08-05
https://www.carrefour.es/supermercado/bebidas/vinos/generosos-y-dulces/cat20200/c,2024-08-05
https://www.carrefour.es/supermercado/la-despensa/yogures-y-postres/gelatina/cat650021/c,2024-08-05
https://www.carrefour.es/supermercado/bebe/panales-y-toallitas/panales-carrefour-baby/cat20346/c,2024-08-05
https://www.carrefour.es/supermercado/mascotas/conejos-y-roedores/cat20053/c,2024-08-05
https://www.carrefour.es/supermercado/limpieza-y-hogar/ofertas-en-limpieza-y-hogar/cat21078011/c,2024-08-05
https://www.carrefour.es/supermercado/la-despensa/alimentacion/nutricion-deportiva/cat70006/c,2024-08-05
https://www.carrefour.es/supermercado/la-despensa/dulce/bombones-y-chocolates/cat26102512/c,2024-08-05
https://www.carrefour.es/supermercado/la-despensa/yogures-y-postres/natillas-cremas-y-copas/cat360011/c,2024-08-05
https://www.carrefour.es/supermercado/bebidas/vinos/sangria-y-tinto-de-verano/cat20202/c,2024-08-05
https://www.carrefour.es/supermercado/bebidas/cerveza/artesanas/cat30001/c,2024-08-05
https://www.carrefour.es/supermercado/papeleria/pequeno-accesorio/cat11729678/c,2024-08-05
https://www.carrefour.es/supermercado/perfumeria-e-higiene/higiene-intima/incontinencia/cat20241/c,2024-08-05
https://www.carrefour.es/supermercado/bebidas/alcoholes/cockteles-y-combinados/cat20180/c,2024-08-05
https://www.carrefour.es/supermercado/la-despensa/huevos/cat20021/c,2024-08-05
https://www.carrefour.es/supermercado/limpieza-y-hogar/papeleria/archivadores/cat260004/c,2024-08-05
https://www.carrefour.es/supermercado/la-despensa/alimentacion/aceites-y-vinagres/cat20066/c,2024-08-05
https://www.carrefour.es/supermercado/la-despensa/conservas-sopas-y-precocinados/croquetas-y-rebozados/cat20114/c,2024-08-05
https://www.carrefour.es/supermercado/la-despensa/dulce-y-desayuno/cremas-de-cacao-avellana-y-cacahuete/cat20082/c,2024-08-05
https://www.carrefour.es/supermercado/bebidas/vinos/cat20027/c,2024-08-05
https://www.carrefour.es/supermercado/limpieza-y-hogar/menaje/vajillas-y-vasos/cat20291/c,2024-08-05
https://www.carrefour.es/supermercado/parafarmacia/cuidado-e-higiene-facial/exfoliantes-y-mascarillas/cat20410/c,2024-08-05
https://www.carrefour.es/supermercado/bebe/alimentacion-infantil/galletas-y-snacks/cat21295306/c,2024-08-05
https://www.carrefour.es/supermercado/la-despensa/dulce-y-desayuno/cereales-y-barritas/cat20080/c,2024-08-05
https://www.carrefour.es/supermercado/bebe/panales-y-toallitas/panales-dodot/cat20347/c,2024-08-05
https://www.carrefour.es/supermercado/bebidas/cava-y-champagne/cat20024/c,2024-08-05
https://www.carrefour.es/supermercado/limpieza-y-hogar/productos-para-cocina/quitagrasas/cat20299/c,2024-08-05
https://www.carrefour.es/supermercado/limpieza-y-hogar/productos-para-toda-la-casa/suelos/cat20310/c,2024-08-05
https://www.carrefour.es/supermercado/parafarmacia/bebe/complementos-alimenticios-e-infusiones-para-bebe/cat20354/c,2024-08-05
https://www.carrefour.es/supermercado/limpieza-y-hogar/conservacion-de-alimentos/film-transparente/cat20275/c,2024-08-05
https://www.carrefour.es/supermercado/la-despensa/alimentacion/arroz-y-cous-cous/cat20068/c,2024-08-05
https://www.carrefour.es/supermercado/bebe/puericultura/accesorios/cat400004/c,2024-08-05
https://www.carrefour.es/supermercado/congelados/pulpo-calamar-y-sepia-congelados/cat21449164/c,2024-08-05
https://www.carrefour.es/supermercado/la-despensa/helados/bombon/cat460003/c,2024-08-05
https://www.carrefour.es/supermercado/perfumeria-e-higiene/cosmetica/accesorios-de-maquillaje-y-manicura-y-pedicura/cat20226/c,2024-08-05
https://www.carrefour.es/supermercado/limpieza-y-hogar/papel-y-celulosa/papel-cocina-y-multiusos/cat20319/c,2024-08-05
https://www.carrefour.es/supermercado/mascotas/ofertas-en-mascotas/cat21078021/c,2024-08-05
https://www.carrefour.es/supermercado/parafarmacia/botiquin/antimosquitos/cat20388/c,2024-08-05
https://www.carrefour.es/supermercado/parafarmacia/higiene-bucal/colutorio/cat20419/c,2024-08-05
https://www.carrefour.es/supermercado/productos-frescos/charcuteria/fiambre-de-pavo-y-pollo/cat370001/c,2024-08-05
https://www.carrefour.es/supermercado/mascotas/conejos-y-roedores/pienso-para-conejos-y-rodeores/cat20368/c,2024-08-05
https://www.carrefour.es/supermercado/productos-frescos/panaderia-tradicional/cat20019/c,2024-08-05
https://www.carrefour.es/supermercado/mascotas/gatos/cat20054/c,2024-08-05
https://www.carrefour.es/supermercado/perfumeria-e-higiene/cabello/cuidado-y-tratamientos-del-cabello/cat20223/c,2024-08-05
https://www.carrefour.es/supermercado/parafarmacia/cuidado-de-manos-y-pies/desodorante-pies/cat20415/c,2024-08-05
https://www.carrefour.es/supermercado/parafarmacia/bebe/cat20051/c,2024-08-05
https://www.carrefour.es/supermercado/la-despensa/lacteos/batidos-y-horchatas/cat20089/c,2024-08-05
https://www.carrefour.es/supermercado/bebidas/cerveza/radler-clara/cat20188/c,2024-08-05
https://www.carrefour.es/supermercado/limpieza-y-hogar/productos-para-toda-la-casa/insecticidas/cat20311/c,2024-08-05
https://www.carrefour.es/supermercado/perfumeria-e-higiene/cosmetica/rostro/cat20229/c,2024-08-05
https://www.carrefour.es/supermercado/la-despensa/helados/tarrinas/cat460007/c,2024-08-05
https://www.carrefour.es/supermercado/papeleria/archivadores/cat11729673/c,2024-08-05
https://www.carrefour.es/supermercado/congelados/helados/barquillos/cat21449322/c,2024-08-05
https://www.carrefour.es/supermercado/bebe/alimentacion-infantil/papillas/cat20335/c,2024-08-05
https://www.carrefour.es/supermercado/bebidas/alcoholes/cat20022/c,2024-08-05
https://www.carrefour.es/supermercado/bebidas/cerveza/cat20023/c,2024-08-05
https://www.carrefour.es/supermercado/limpieza-y-hogar/bazar/herramientas/cat20265/c,2024-08-05
https://www.carrefour.es/supermercado/parafarmacia/cuidado-corporal/cuidado-intimo/cat20401/c,2024-08-05
https://www.carrefour.es/supermercado/bebidas/refrescos/te/cat650016/c,2024-08-05
https://www.carrefour.es/supermercado/bebe/puericultura/cat400002/c,2024-08-05
https://www.carrefour.es/supermercado/la-despensa/dulce/cremas-de-cacao-avellana-y-cacahuete/cat26102632/c,2024-08-05
https://www.carrefour.es/supermercado/limpieza-y-hogar/papeleria/dibujo-artistico/cat260008/c,2024-08-05
https://www.carrefour.es/supermercado/limpieza-y-hogar/conservacion-de-alimentos/cat20039/c,2024-08-05
https://www.carrefour.es/supermercado/productos-frescos/pescaderia/marisco-almejas-y-mejillones/cat20124/c,2024-08-05
https://www.carrefour.es/supermercado/productos-frescos/verduras-y-hortalizas/patatas-cebollas-y-ajos/cat220017/c,2024-08-05
https://www.carrefour.es/supermercado/congelados/helados/cat21449202/c,2024-08-05
https://www.carrefour.es/supermercado/limpieza-y-hogar/papeleria/cuadernos-y-carpetas/cat260007/c,2024-08-05
https://www.carrefour.es/supermercado/limpieza-y-hogar/menaje/cuberteria/cat220005/c,2024-08-05
https://www.carrefour.es/supermercado/la-despensa/conservas-sopas-y-precocinados/cat20013/c,2024-08-05
https://www.carrefour.es/supermercado/la-despensa/panaderia-bolleria-y-pasteleria/colines-picos-y-crakers/cat21623838/c,2024-08-05
https://www.carrefour.es/supermercado/limpieza-y-hogar/productos-para-cocina/lavavajillas-a-maquina/cat20296/c,2024-08-05
https://www.carrefour.es/supermercado/productos-frescos/charcuteria/jamon-serrano-e-iberico-pieza/cat380001/c,2024-08-05
https://www.carrefour.es/supermercado/limpieza-y-hogar/bazar/accesorios-de-bano/cat20255/c,2024-08-05
https://www.carrefour.es/supermercado/bebidas/aguas-y-zumos/agua-con-sabor/cat650007/c,2024-08-05
https://www.carrefour.es/supermercado/la-despensa/yogures-y-postres/proteina/cat360009/c,2024-08-05
https://www.carrefour.es/supermercado/parafarmacia/bebe/toallitas-bebe/cat20362/c,2024-08-05
https://www.carrefour.es/supermercado/parafarmacia/bebe/leche-infantil/cat20357/c,2024-08-05
https://www.carrefour.es/supermercado/limpieza-y-hogar/productos-para-bano/limpiajuntas/cat310002/c,2024-08-05
https://www.carrefour.es/supermercado/la-despensa/aperitivos/snacks/cat20074/c,2024-08-05
https://www.carrefour.es/supermercado/limpieza-y-hogar/cuidado-de-la-ropa/tendido-y-planchado/cat20263/c,2024-08-05
https://www.carrefour.es/supermercado/la-despensa/dulce-y-desayuno/cafes/cat20100/c,2024-08-05
https://www.carrefour.es/supermercado/la-despensa/dulce/turron-y-dulces-de-navidad/cat26102863/c,2024-08-05
https://www.carrefour.es/supermercado/productos-frescos/panaderia-tradicional/pan-tradicional/cat170025/c,2024-08-05
https://www.carrefour.es/supermercado/parafarmacia/cuidado-corporal/protectores-solares/cat20404/c,2024-08-05
https://www.carrefour.es/supermercado/perfumeria-e-higiene/depilacion-y-afeitado/after-shave/cat20237/c,2024-08-05
https://www.carrefour.es/supermercado/la-despensa/dulce-y-desayuno/cacaos-y-cereales-solubles/cat20079/c,2024-08-05
https://www.carrefour.es/supermercado/la-despensa/conservas-sopas-y-precocinados/conservas-de-tomate/cat20112/c,2024-08-05
https://www.carrefour.es/supermercado/limpieza-y-hogar/papeleria/lapices-y-accesorios/cat260012/c,2024-08-05
https://www.carrefour.es/supermercado/la-despensa/dulce-y-desayuno/bombones-y-chocolate/cat20081/c,2024-08-05
https://www.carrefour.es/supermercado/papeleria/cuadernos-y-carpetas/cat11729669/c,2024-08-05
https://www.carrefour.es/supermercado/bebidas/alcoholes/vodka/cat20185/c,2024-08-05
https://www.carrefour.es/supermercado/limpieza-y-hogar/calzado/crema/cat20268/c,2024-08-05
https://www.carrefour.es/supermercado/limpieza-y-hogar/ambientadores/aerosol-o-pistola/cat20247/c,2024-08-05
https://www.carrefour.es/supermercado/productos-frescos/quesos/curado/cat20168/c,2024-08-05
https://www.carrefour.es/supermercado/limpieza-y-hogar/utensilios-de-limpieza/cubos-de-basura/cat20325/c,2024-08-05
https://www.carrefour.es/supermercado/la-despensa/conservas-sopas-y-precocinados/tortillas-empanadillas-y-sandwiches/cat20120/c,2024-08-05
https://www.carrefour.es/supermercado/la-despensa/desayuno/cat26100390/c,2024-08-05
https://www.carrefour.es/supermercado/limpieza-y-hogar/papeleria/cartuchos-de-tinta/cat20264/c,2024-08-05
https://www.carrefour.es/supermercado/la-despensa/aperitivos/palomitas/cat390005/c,2024-08-05
https://www.carrefour.es/supermercado/parafarmacia/cuidado-corporal/desodorantes/cat20402/c,2024-08-05
https://www.carrefour.es/supermercado/parafarmacia/higiene-bucal/ortodoncia/cat20423/c,2024-08-05
https://www.carrefour.es/supermercado/bebe/panales-y-toallitas/banadores/cat210003/c,2024-08-05
https://www.carrefour.es/supermercado/limpieza-y-hogar/ambientadores/automaticos/cat20249/c,2024-08-05
https://www.carrefour.es/supermercado/limpieza-y-hogar/productos-para-bano/cat20042/c,2024-08-05
https://www.carrefour.es/supermercado/congelados/pizzas-congeladas/cat21449183/c,2024-08-05
https://www.carrefour.es/supermercado/productos-frescos/quesos/crema-de-queso/cat690003/c,2024-08-05
https://www.carrefour.es/supermercado/la-despensa/conservas-sopas-y-precocinados/caldos-sopas-y-pure/cat20108/c,2024-08-05
https://www.carrefour.es/supermercado/la-despensa/alimentacion/especias-y-sazonadores/cat20069/c,2024-08-05
https://www.carrefour.es/supermercado/la-despensa/lacteos/cat20011/c,2024-08-05
https://www.carrefour.es/supermercado/congelados/cat21449123/c,2024-08-05
https://www.carrefour.es/supermercado/la-despensa/dulce-y-desayuno/reposteria-para-preparar/cat20087/c,2024-08-05
https://www.carrefour.es/supermercado/congelados/helados/polos/cat21449296/c,2024-08-05
https://www.carrefour.es/supermercado/productos-frescos/verduras-y-hortalizas/ensaladas-y-verduras-preparadas/cat220020/c,2024-08-05
https://www.carrefour.es/supermercado/la-despensa/conservas-sopas-y-precocinados/salteados-de-verdura-arroz-y-paella/cat20119/c,2024-08-05
https://www.carrefour.es/supermercado/bebidas/alcoholes/ron/cat20182/c,2024-08-05
https://www.carrefour.es/supermercado/la-despensa/dulce-y-desayuno/miel/cat20086/c,2024-08-05
https://www.carrefour.es/supermercado/productos-frescos/charcuteria-y-quesos-al-corte/curados-ibericos/cat510004/c,2024-08-05
https://www.carrefour.es/supermercado/limpieza-y-hogar/ambientadores/electricos/cat20252/c,2024-08-05
https://www.carrefour.es/supermercado/la-despensa/conservas-sopas-y-precocinados/conservas-de-pescado-y-marisco/cat20111/c,2024-08-05
https://www.carrefour.es/supermercado/productos-frescos/carniceria/cerdo/cat190011/c,2024-08-05
https://www.carrefour.es/supermercado/limpieza-y-hogar/conservacion-de-alimentos/bolsas/cat20274/c,2024-08-05
https://www.carrefour.es/supermercado/bebidas/vinos/todos-los-vinos/cat30006/c,2024-08-05
https://www.carrefour.es/supermercado/la-despensa/panaderia-bolleria-y-pasteleria/especialidades-de-pan/cat21623842/c,2024-08-05
https://www.carrefour.es/supermercado/productos-frescos/charcuteria/jamon-serrano-e-iberico-envasado/cat20141/c,2024-08-05
https://www.carrefour.es/supermercado/limpieza-y-hogar/papel-y-celulosa/servilletas/cat20321/c,2024-08-05
https://www.carrefour.es/supermercado/productos-frescos/platos-preparados-cocinados/pastas-y-pizzas/cat180024/c,2024-08-05
https://www.carrefour.es/supermercado/limpieza-y-hogar/ambientadores/antihumedad/cat20248/c,2024-08-05
https://www.carrefour.es/supermercado/congelados/helados/conos/cat21449302/c,2024-08-05
https://www.carrefour.es/supermercado/parafarmacia/higiene-bucal/cat20064/c,2024-08-05
https://www.carrefour.es/supermercado/bebe/perfumeria-e-higiene/crema-corporal-talcos-y-anti-irritacion/cat20342/c,2024-08-05
https://www.carrefour.es/supermercado/productos-frescos/quesos/cat20020/c,2024-08-05
https://www.carrefour.es/supermercado/limpieza-y-hogar/cuidado-de-la-ropa/toallitas-atrapacolores/cat20309/c,2024-08-05
https://www.carrefour.es/supermercado/parafarmacia/cuidado-de-manos-y-pies/soluciones-durezas/cat20417/c,2024-08-05
https://www.carrefour.es/supermercado/perfumeria-e-higiene/boca-y-sonrisa/protesis/cat20219/c,2024-08-05
https://www.carrefour.es/supermercado/limpieza-y-hogar/productos-para-cocina/limpiadores-electrodomesticos-cocina/cat20298/c,2024-08-05
https://www.carrefour.es/supermercado/perfumeria-e-higiene/bienestar-sexual/lubricantes/cat20213/c,2024-08-05
https://www.carrefour.es/supermercado/la-despensa/panaderia-bolleria-y-pasteleria/masa-fresca-y-bases/cat21319216/c,2024-08-05
https://www.carrefour.es/supermercado/parafarmacia/cuidado-corporal/cremas-y-lociones/cat20400/c,2024-08-05
https://www.carrefour.es/supermercado/bebidas/vinos/blanco/cat20199/c,2024-08-05
https://www.carrefour.es/supermercado/la-despensa/lacteos/nata/cat20096/c,2024-08-05
https://www.carrefour.es/supermercado/bebidas/aguas-y-zumos/zumos-no-refrigerados/cat650009/c,2024-08-05
https://www.carrefour.es/supermercado/la-despensa/helados/hielo/cat460011/c,2024-08-05
https://www.carrefour.es/supermercado/la-despensa/dulce/miel/cat26102660/c,2024-08-05
https://www.carrefour.es/supermercado/productos-frescos/cat20002/c,2024-08-05
https://www.carrefour.es/supermercado/limpieza-y-hogar/productos-para-toda-la-casa/limpiador-de-alfombras-y-tapicerias/cat20315/c,2024-08-05
https://www.carrefour.es/supermercado/la-despensa/cestas-y-lotes/cat340002/c,2024-08-05
https://www.carrefour.es/supermercado/bebidas/alcoholes/vermouth/cat20184/c,2024-08-05
https://www.carrefour.es/supermercado/productos-frescos/platos-preparados-cocinados/arroces/cat20134/c,2024-08-05
https://www.carrefour.es/supermercado/productos-frescos/panaderia-tradicional/pan-rebanado/cat28890910/c,2024-08-05
https://www.carrefour.es/supermercado/bebidas/licores-y-cremas/licores-y-orujo/cat20195/c,2024-08-05
https://www.carrefour.es/supermercado/limpieza-y-hogar/bazar/pilas/cat20262/c,2024-08-05
https://www.carrefour.es/supermercado/productos-frescos/frutas/uvas/cat220013/c,2024-08-05
https://www.carrefour.es/supermercado/productos-frescos/carniceria/preparados-y-arreglos-de-carne/cat20155/c,2024-08-05
https://www.carrefour.es/supermercado/la-despensa/conservas-sopas-y-precocinados/conservas-de-vegetales/cat20113/c,2024-08-05
https://www.carrefour.es/supermercado/mascotas/gatos/accesorios-e-higiene/cat20369/c,2024-08-05
https://www.carrefour.es/supermercado/mascotas/perros/cat20057/c,2024-08-05
https://www.carrefour.es/supermercado/bebe/puericultura/baberos-protegecamas-y-bolsas-para-panales/cat16299254/c,2024-08-05
https://www.carrefour.es/supermercado/perfumeria-e-higiene/bano-e-higiene-corporal/geles-de-bano/cat20208/c,2024-08-05
https://www.carrefour.es/supermercado/limpieza-y-hogar/cuidado-de-la-ropa/agua-de-plancha-y-apresto/cat20302/c,2024-08-05
https://www.carrefour.es/supermercado/parafarmacia/botiquin/antisepticos-y-talcos/cat20389/c,2024-08-05
https://www.carrefour.es/supermercado/la-despensa/yogures-y-postres/yogures-griegos-y-enriquecidos/cat360003/c,2024-08-05
https://www.carrefour.es/supermercado/perfumeria-e-higiene/boca-y-sonrisa/cepillos-recambios-y-accesorios/cat20215/c,2024-08-05
https://www.carrefour.es/supermercado/productos-frescos/charcuteria/cat20017/c,2024-08-05
https://www.carrefour.es/supermercado/limpieza-y-hogar/papeleria/pequeno-accesorio/cat260015/c,2024-08-05
https://www.carrefour.es/supermercado/bebidas/refrescos/cat650001/c,2024-08-05
https://www.carrefour.es/supermercado/productos-frescos/carniceria/cordero/cat440002/c,2024-08-05
https://www.carrefour.es/supermercado/congelados/mariscos-congelados/cat21449161/c,2024-08-05
